lon,lat,grid,POS,PID
-59.10718,45.271502,348,1,27
-59.699098,44.933283,348,2,27
-60.182433,45.783283,348,3,27
-60.24221,45.903517,348,4,27
-60.063093,45.934485,348,5,27
-59.985643,45.886339,348,6,27
-59.10718,45.271502,348,7,27
-58.945892,45.363661,349,1,27
-59.10718,45.271502,349,2,27
-59.985643,45.886339,349,3,27
-60.063093,45.934485,349,4,27
-59.969803,45.973452,349,5,27
-59.789343,45.953182,349,6,27
-58.945892,45.363661,349,7,27
-58.737285,46.765633,350,1,27
-57.832355,45.99993,350,2,27
-58.945892,45.363661,350,3,27
-59.789343,45.953182,350,4,27
-59.969803,45.973452,350,5,27
-59.827762,46.013519,350,6,27
-58.939514,46.626988,350,7,27
-58.76584,46.746019,350,8,27
-58.737285,46.765633,350,9,27
-59.308219,46.626993,351,1,27
-58.939514,46.626988,351,2,27
-59.827762,46.013519,351,3,27
-59.969803,45.973452,351,4,27
-60.18977,46.076391,351,5,27
-59.986398,46.154891,351,6,27
-59.937682,46.192988,351,7,27
-59.46802,46.51711,351,8,27
-59.308219,46.626993,351,9,27
-59.636993,46.51711,352,1,27
-59.46802,46.51711,352,2,27
-59.937682,46.192988,352,3,27
-59.986398,46.154891,352,4,27
-60.18977,46.076391,352,5,27
-60.107676,46.237252,352,6,27
-60.039514,46.239416,352,7,27
-59.636993,46.51711,352,8,27
-59.842818,46.51711,353,1,27
-59.636993,46.51711,353,2,27
-60.039514,46.239416,353,3,27
-60.107676,46.237252,353,4,27
-60.18977,46.076391,353,5,27
-60.37262,46.13044,353,6,27
-60.247611,46.236433,353,7,27
-60.223302,46.254669,353,8,27
-59.842818,46.51711,353,9,27
-60.030211,46.51711,354,1,27
-59.842818,46.51711,354,2,27
-60.223302,46.254669,354,3,27
-60.247611,46.236433,354,4,27
-60.342767,46.307114,354,5,27
-60.294227,46.335117,354,6,27
-60.030211,46.51711,354,7,27
-60.294227,46.335117,355,1,27
-60.342767,46.307114,355,2,27
-60.425747,46.234966,355,3,27
-60.507369,46.292629,355,4,27
-60.589053,46.189637,355,5,27
-60.691672,46.237252,355,6,27
-60.540542,46.478768,355,7,27
-60.464771,46.451651,355,8,27
-60.294227,46.335117,355,9,27
-60.516287,46.516632,356,1,27
-60.425048,46.51711,356,2,27
-60.030211,46.51711,356,3,27
-60.294227,46.335117,356,4,27
-60.464771,46.451651,356,5,27
-60.540542,46.478768,356,6,27
-60.516287,46.516632,356,7,27
-60.493897,46.627702,357,1,27
-60.35221,46.626993,357,2,27
-59.308219,46.626993,357,3,27
-59.46802,46.51711,357,4,27
-60.425048,46.51711,357,5,27
-60.516287,46.516632,357,6,27
-60.493897,46.627702,357,7,27
-58.76584,46.746019,358,1,27
-58.939514,46.626988,358,2,27
-60.35221,46.626993,358,3,27
-60.493897,46.627702,358,4,27
-60.50136,46.745083,358,5,27
-60.332773,46.746019,358,6,27
-58.76584,46.746019,358,7,27
-59.536325,47.441738,359,1,27
-58.737285,46.765633,359,2,27
-58.76584,46.746019,359,3,27
-60.332773,46.746019,359,4,27
-60.50136,46.745083,359,5,27
-60.512147,46.797092,359,6,27
-60.346813,46.872965,359,7,27
-60.349719,46.888748,359,8,27
-59.536325,47.441738,359,9,27
-59.645402,47.534032,360,1,27
-59.536325,47.441738,360,2,27
-60.349719,46.888748,360,3,27
-60.346813,46.872965,360,4,27
-60.512147,46.797092,360,5,27
-60.59696,46.903191,360,6,27
-60.390493,47.028579,360,7,27
-60.207657,47.15256,360,8,27
-60.067767,47.15256,360,9,27
-60.067767,47.246459,360,10,27
-60.069184,47.246459,360,11,27
-59.645402,47.534032,360,12,27
-59.999059,47.833278,361,1,27
-59.645402,47.534032,361,2,27
-60.069184,47.246459,361,3,27
-60.215785,47.246459,361,4,27
-60.215785,47.15256,361,5,27
-60.207657,47.15256,361,6,27
-60.390493,47.028579,361,7,27
-60.59696,46.903191,361,8,27
-60.666667,46.978333,361,9,27
-60.749097,47.038284,361,10,27
-59.999059,47.833278,361,11,27
-60.215785,47.246459,362,1,27
-60.067767,47.246459,362,2,27
-60.067767,47.15256,362,3,27
-60.215785,47.15256,362,4,27
-60.507369,46.292629,363,1,27
-60.468268,46.265089,363,2,27
-60.453082,46.254353,363,3,27
-60.425747,46.234966,363,4,27
-60.663811,46.076235,363,5,27
-60.74854,46.069028,363,6,27
-60.901029,45.98475,363,7,27
-61.018757,45.966313,363,8,27
-60.976711,46.085209,363,9,27
-60.610314,46.163773,363,10,27
-60.589053,46.189637,363,11,27
-60.507369,46.292629,363,12,27
-60.74854,46.069028,364,1,27
-60.663811,46.076235,364,2,27
-60.425747,46.234966,364,3,27
-60.342767,46.307114,364,4,27
-60.247611,46.236433,364,5,27
-60.37262,46.13044,364,6,27
-60.768105,45.952633,364,7,27
-60.839428,45.977608,364,8,27
-60.901029,45.98475,364,9,27
-60.74854,46.069028,364,10,27
-60.839428,45.977608,365,1,28
-60.808006,45.958843,365,2,28
-60.791339,45.956898,365,3,28
-60.768105,45.952633,365,4,28
-60.703094,45.936019,365,5,28
-60.720428,45.901657,365,6,28
-60.718938,45.860009,365,7,28
-60.951774,45.804615,365,8,28
-60.955325,45.834461,365,9,28
-60.950572,45.854191,365,10,28
-61.028659,45.870147,365,11,28
-61.018757,45.966313,365,12,28
-60.901029,45.98475,365,13,28
-60.839428,45.977608,365,14,28
-60.720428,45.901657,366,1,28
-60.703094,45.936019,366,2,28
-60.372122,46.052048,366,3,28
-60.331878,46.015212,366,4,28
-60.643029,45.80209,366,5,28
-60.71511,45.808396,366,6,28
-60.718938,45.860009,366,7,28
-60.720428,45.901657,366,8,28
-60.718938,45.860009,367,1,28
-60.71511,45.808396,367,2,28
-60.694689,45.677949,367,3,28
-60.861624,45.656899,367,4,28
-60.874124,45.656899,367,5,28
-60.946369,45.7592,367,6,28
-60.951774,45.804615,367,7,28
-60.718938,45.860009,367,8,28
-60.950572,45.854191,368,1,28
-60.955325,45.834461,368,2,28
-60.951774,45.804615,368,3,28
-60.946369,45.7592,368,4,28
-61.088129,45.672054,368,5,28
-61.181233,45.691433,368,6,28
-61.210064,45.741531,368,7,28
-61.028659,45.870147,368,8,28
-60.950572,45.854191,368,9,28
-61.02893,45.610924,341,1,29
-61.030029,45.592553,341,2,29
-61.043634,45.545654999999996,341,3,29
-61.195908,45.523108,341,4,29
-61.244893,45.514742,341,5,29
-61.342295,45.496576,341,6,29
-61.47128,45.615211,341,7,29
-61.428309,45.636071,341,8,29
-61.403308,45.641627,341,9,29
-61.353906,45.657888,341,10,29
-61.14,45.626975,341,11,29
-61.02893,45.610924,341,12,29
-61.382477,45.411071,342,1,29
-61.342295,45.496576,342,2,29
-61.244893,45.514742,342,3,29
-61.195908,45.523108,342,4,29
-61.043634,45.545654999999996,342,5,29
-60.985532,45.515971,342,6,29
-61.018384,45.466595,342,7,29
-61.018388,45.411069,342,8,29
-61.382477,45.411071,342,9,29
-61.018388,45.411069,343,1,29
-61.018384,45.466595,343,2,29
-60.985532,45.515971,343,3,29
-61.043634,45.545654999999996,343,4,29
-60.891814,45.572687,343,5,29
-60.65798,45.411111,343,6,29
-61.018388,45.411069,343,7,29
-61.02893,45.610924,344,1,29
-61.14,45.626975,344,2,29
-61.088129,45.672054,344,3,29
-60.874124,45.656899,344,4,29
-60.861624,45.656899,344,5,29
-60.694689,45.677949,344,6,29
-60.682452,45.566621,344,7,29
-60.632453,45.411066,344,8,29
-60.657915,45.411066,344,9,29
-60.891814,45.572687,344,10,29
-61.043634,45.545654999999996,344,11,29
-61.030029,45.592553,344,12,29
-61.02893,45.610924,344,13,29
-60.559093,45.746404,345,1,30
-60.49981,45.629538,345,2,30
-60.021789,44.7489,345,3,30
-60.165784,44.666622,345,4,30
-60.632453,45.411066,345,5,30
-60.682452,45.566621,345,6,30
-60.694689,45.677949,345,7,30
-60.559093,45.746404,345,8,30
-60.388017,45.788891,346,1,30
-60.34026,45.692526,346,2,30
-59.873535,44.833611,346,3,30
-60.021789,44.7489,346,4,30
-60.49981,45.629538,346,5,30
-60.559093,45.746404,346,6,30
-60.388017,45.788891,346,7,30
-60.182433,45.783283,347,1,30
-59.699098,44.933283,347,2,30
-59.873535,44.833611,347,3,30
-60.34026,45.692526,347,4,30
-60.388017,45.788891,347,5,30
-60.24221,45.903517,347,6,30
-60.182433,45.783283,347,7,30
-63.263905,44.817697,323,1,32
-63.19979,44.681347,323,2,32
-63.057962,44.41633,323,3,32
-63.415969,44.646763,323,4,32
-63.50978,44.741531,323,5,32
-63.263905,44.817697,323,6,32
-63.11532,44.848865,324,1,32
-63.047313,44.671706,324,2,32
-62.833296,44.271722,324,3,32
-63.057962,44.41633,324,4,32
-63.19979,44.681347,324,5,32
-63.263905,44.817697,324,6,32
-63.11532,44.848865,324,7,32
-62.966735,44.875022,325,1,32
-62.894534,44.72453,325,2,32
-62.55667,44.09367,325,3,32
-62.833296,44.271722,325,4,32
-63.047313,44.671706,325,5,32
-63.11532,44.848865,325,6,32
-62.966735,44.875022,325,7,32
-62.805767,44.918704,326,1,32
-62.737049,44.786499,326,2,32
-62.283744,43.94098,326,3,32
-62.307528,43.933308,326,4,32
-62.55667,44.09367,326,5,32
-62.894534,44.72453,326,6,32
-62.966735,44.875022,326,7,32
-62.805767,44.918704,326,8,32
-62.637724,44.956115,327,1,32
-62.548081,44.786768,327,2,32
-62.122535,43.992979,327,3,32
-62.283744,43.94098,327,4,32
-62.737049,44.786499,327,5,32
-62.805767,44.918704,327,6,32
-62.637724,44.956115,327,7,32
-62.506826,44.997322,328,1,32
-62.42697,44.857648,328,2,32
-61.986374,44.036899,328,3,32
-62.122535,43.992979,328,4,32
-62.548081,44.786768,328,5,32
-62.637724,44.956115,328,6,32
-62.506826,44.997322,328,7,32
-62.372391,45.03602,329,1,32
-62.302751,44.917847,329,2,32
-61.852604,44.080048,329,3,32
-61.986374,44.036899,329,4,32
-62.42697,44.857648,329,5,32
-62.506826,44.997322,329,6,32
-62.372391,45.03602,329,7,32
-62.235303,45.073462,330,1,32
-62.150564,44.954968,330,2,32
-61.5325,44.183301,330,3,32
-61.852604,44.080048,330,4,32
-62.302751,44.917847,330,5,32
-62.372391,45.03602,330,6,32
-62.235303,45.073462,330,7,32
-65.51602,43.496772,301,1,33
-65.513758,43.608172,301,2,33
-65.412145,43.537337,301,3,33
-65.411696,43.479886,301,4,33
-65.370062,43.398142,301,5,33
-65.440472,43.342136000000004,301,6,33
-65.51602,43.496772,301,7,33
-65.613154,43.677462,302,1,33
-65.547023,43.718184,302,2,33
-65.354546,43.575801,302,3,33
-65.340134,43.5376,302,4,33
-65.297083,43.456122,302,5,33
-65.370062,43.398142,302,6,33
-65.411696,43.479886,302,7,33
-65.412145,43.537337,302,8,33
-65.513758,43.608172,302,9,33
-65.613154,43.677462,302,10,33
-65.547023,43.718184,303,1,33
-65.420663,43.760167,303,2,33
-65.369472,43.676274,303,3,33
-65.329279,43.664351,303,4,33
-65.310597,43.663503,303,5,33
-65.300145,43.658077,303,6,33
-65.278406,43.617147,303,7,33
-65.224103,43.514046,303,8,33
-65.297083,43.456122,303,9,33
-65.340134,43.5376,303,10,33
-65.354546,43.575801,303,11,33
-65.547023,43.718184,303,12,33
-65.369472,43.676274,304,1,33
-65.420663,43.760167,304,2,33
-65.308668,43.807641,304,3,33
-65.235181,43.66303,304,4,33
-65.176452,43.551776,304,5,33
-65.224103,43.514046,304,6,33
-65.278406,43.617147,304,7,33
-65.300145,43.658077,304,8,33
-65.310597,43.663503,304,9,33
-65.329279,43.664351,304,10,33
-65.369472,43.676274,304,11,33
-65.308668,43.807641,305,1,33
-65.211606,43.844555,305,2,33
-65.123084,43.762136,305,3,33
-65.139088,43.695683,305,4,33
-65.127521,43.656347,305,5,33
-65.091647,43.589006,305,6,33
-65.176452,43.551776,305,7,33
-65.235181,43.66303,305,8,33
-65.308668,43.807641,305,9,33
-65.211606,43.844555,306,1,33
-65.119877,43.876187,306,2,33
-65.031536,43.697017,306,3,33
-64.996725,43.630631,306,4,33
-65.091647,43.589006,306,5,33
-65.127521,43.656347,306,6,33
-65.139088,43.695683,306,7,33
-65.123084,43.762136,306,8,33
-65.211606,43.844555,306,9,33
-65.119877,43.876187,307,1,33
-65.020682,43.912343,307,2,33
-64.946033,43.767734,307,3,33
-64.897473,43.673982,307,4,33
-64.996725,43.630631,307,5,33
-65.031536,43.697017,307,6,33
-65.119877,43.876187,307,7,33
-65.020682,43.912343,308,1,33
-64.92042,43.959829,308,2,33
-64.788145,43.867497,308,3,33
-64.745138,43.787183,308,4,33
-64.897473,43.673982,308,5,33
-64.946033,43.767734,308,6,33
-65.020682,43.912343,308,7,33
-64.92042,43.959829,309,1,33
-64.797756,44.045813,309,2,33
-64.662979000000007,43.989851,309,3,33
-64.608241,43.888675,309,4,33
-64.745138,43.787183,309,5,33
-64.788145,43.867497,309,6,33
-64.92042,43.959829,309,7,33
-64.797756,44.045813,310,1,33
-64.698558,44.137109,310,2,33
-64.55744,44.069925,310,3,33
-64.502138,43.96713,310,4,33
-64.608241,43.888675,310,5,33
-64.662979000000007,43.989851,310,6,33
-64.797756,44.045813,310,7,33
-64.698558,44.137109,311,1,33
-64.586558,44.251051,311,2,33
-64.441783,44.195674,311,3,33
-64.36354,44.047433,311,4,33
-64.502138,43.96713,311,5,33
-64.55744,44.069925,311,6,33
-64.698558,44.137109,311,7,33
-64.269804,44.266289,312,1,33
-64.203529,44.139885,312,2,33
-64.36354,44.047433,312,3,33
-64.441783,44.195674,312,4,33
-64.586558,44.251051,312,5,33
-64.451093,44.388385,312,6,33
-64.269804,44.266289,312,7,33
-64.451093,44.388385,313,1,33
-64.405227,44.430638,313,2,33
-64.200661,44.347627,313,3,33
-64.113036,44.317525,313,4,33
-64.113034,44.20911,313,5,33
-64.203529,44.139885,313,6,33
-64.269804,44.266289,313,7,33
-64.451093,44.388385,313,8,33
-64.405227,44.430638,314,1,33
-64.402026,44.438943,314,2,33
-64.338483,44.430591,314,3,33
-64.282631,44.430675,314,4,33
-64.26007,44.423564,314,5,33
-64.208003,44.423457,314,6,33
-64.113037,44.39487,314,7,33
-64.113036,44.317525,314,8,33
-64.200661,44.347627,314,9,33
-64.405227,44.430638,314,10,33
-64.402026,44.438943,315,1,33
-64.377487,44.552218,315,2,33
-64.250558,44.640464,315,3,33
-64.105505,44.591223,315,4,33
-64.127391,44.547846,315,5,33
-64.208002,44.489194,315,6,33
-64.208003,44.423457,315,7,33
-64.26007,44.423564,315,8,33
-64.282631,44.430675,315,9,33
-64.338483,44.430591,315,10,33
-64.402026,44.438943,315,11,33
-64.105505,44.591223,316,1,33
-64.07991,44.543612,316,2,33
-64.113039,44.476665,316,3,33
-64.113037,44.39487,316,4,33
-64.208003,44.423457,316,5,33
-64.208002,44.489194,316,6,33
-64.127391,44.547846,316,7,33
-64.105505,44.591223,316,8,33
-64.07991,44.543612,317,1,33
-64.066043,44.553417,317,2,33
-64.006516,44.508395,317,3,33
-63.974314,44.516343,317,4,33
-63.97431,44.315676,317,5,33
-64.113034,44.20911,317,6,33
-64.113036,44.317525,317,7,33
-64.113037,44.39487,317,8,33
-64.113039,44.476665,317,9,33
-64.07991,44.543612,317,10,33
-64.066043,44.553417,318,1,33
-64.07991,44.543612,318,2,33
-64.105505,44.591223,318,3,33
-64.101232,44.689411,318,4,33
-63.831382,44.737483,318,5,33
-63.866592,44.541888,318,6,33
-63.948885,44.522526,318,7,33
-63.974314,44.516343,318,8,33
-64.006516,44.508395,318,9,33
-64.066043,44.553417,318,10,33
-63.974314,44.516343,319,1,33
-63.948885,44.522526,319,2,33
-63.866592,44.541888,319,3,33
-63.773798,44.553125,319,4,33
-63.800065,44.467984,319,5,33
-63.800063,44.315716,319,6,33
-63.97431,44.315676,319,7,33
-63.974314,44.516343,319,8,33
-63.773798,44.553125,320,1,33
-63.62021,44.549951,320,2,33
-63.617014,44.494053,320,3,33
-63.643549,44.433822,320,4,33
-63.643547,44.315766000000004,320,5,33
-63.800063,44.315716,320,6,33
-63.800065,44.467984,320,7,33
-63.773798,44.553125,320,8,33
-63.62021,44.549951,321,1,33
-63.583945,44.554446,321,2,33
-63.51972,44.504209,321,3,33
-63.418533,44.315683,321,4,33
-63.643547,44.315766000000004,321,5,33
-63.643549,44.433822,321,6,33
-63.617014,44.494053,321,7,33
-63.62021,44.549951,321,8,33
-63.583945,44.554446,322,1,33
-63.760988,44.719284,322,2,33
-63.664991,44.782636,322,3,33
-63.50978,44.741531,322,4,33
-63.415969,44.646763,322,5,33
-62.307528,43.933308,322,6,33
-62.999219,43.716648,322,7,33
-63.075967,43.677415,322,8,33
-63.418533,44.315683,322,9,33
-63.51972,44.504209,322,10,33
-63.583945,44.554446,322,11,33
-65.370062,43.398142,469,1,33
-65.184294,43.031932,469,2,33
-65.266528,42.986095,469,3,33
-65.440472,43.342136000000004,469,4,33
-65.370062,43.398142,469,5,33
-65.297083,43.456122,470,1,33
-65.098823,43.079576,470,2,33
-65.184294,43.031932,470,3,33
-65.370062,43.398142,470,4,33
-65.297083,43.456122,470,5,33
-65.224103,43.514046,471,1,33
-65.019546,43.123741,471,2,33
-65.098823,43.079576,471,3,33
-65.297083,43.456122,471,4,33
-65.224103,43.514046,471,5,33
-65.176452,43.551776,472,1,33
-64.965837,43.15362,472,2,33
-65.019546,43.123741,472,3,33
-65.224103,43.514046,472,4,33
-65.176452,43.551776,472,5,33
-65.091647,43.589006,473,1,33
-64.884775,43.19872,473,2,33
-64.965837,43.15362,473,3,33
-65.176452,43.551776,473,4,33
-65.091647,43.589006,473,5,33
-64.996725,43.630631,474,1,33
-64.796897,43.24756,474,2,33
-64.884775,43.19872,474,3,33
-65.091647,43.589006,474,4,33
-64.996725,43.630631,474,5,33
-64.897473,43.673982,475,1,33
-64.703001,43.299692,475,2,33
-64.796897,43.24756,475,3,33
-64.996725,43.630631,475,4,33
-64.897473,43.673982,475,5,33
-64.745138,43.787183,476,1,33
-64.53489,43.392945,476,2,33
-64.703001,43.299692,476,3,33
-64.897473,43.673982,476,4,33
-64.745138,43.787183,476,5,33
-64.608241,43.888675,477,1,33
-64.385846,43.475505,477,2,33
-64.53489,43.392945,477,3,33
-64.745138,43.787183,477,4,33
-64.608241,43.888675,477,5,33
-64.502138,43.96713,478,1,33
-64.272499,43.538202,478,2,33
-64.385846,43.475505,478,3,33
-64.608241,43.888675,478,4,33
-64.502138,43.96713,478,5,33
-64.36354,44.047433,479,1,33
-64.135844,43.613729,479,2,33
-64.272499,43.538202,479,3,33
-64.502138,43.96713,479,4,33
-64.36354,44.047433,479,5,33
-64.203529,44.139885,480,1,33
-63.9743,43.702667,480,2,33
-64.135844,43.613729,480,3,33
-64.36354,44.047433,480,4,33
-64.203529,44.139885,480,5,33
-63.97431,44.315676,481,1,33
-63.9743,43.702667,481,2,33
-64.203529,44.139885,481,3,33
-64.113034,44.20911,481,4,33
-63.97431,44.315676,481,5,33
-63.97431,44.315676,482,1,33
-63.800063,44.315716,482,2,33
-63.800046,43.370357,482,3,33
-63.9743,43.702667,482,4,33
-63.97431,44.315676,482,5,33
-63.800063,44.315716,483,1,33
-63.643547,44.315766000000004,483,2,33
-63.64348,43.387308,483,3,33
-63.799962,43.307316,483,4,33
-63.800063,44.315716,483,5,33
-63.643547,44.315766000000004,484,1,33
-63.418533,44.315683,484,2,33
-63.075967,43.677415,484,3,33
-63.64348,43.387308,484,4,33
-63.643547,44.315766000000004,484,5,33
-65.184294,43.031932,485,1,33
-65.010977,42.688258,485,2,33
-65.215994,42.583455,485,3,33
-65.216,42.916784,485,4,33
-65.232666,42.916783,485,5,33
-65.266528,42.986095,485,6,33
-65.184294,43.031932,485,7,33
-65.184294,43.031932,486,1,33
-65.098823,43.079576,486,2,33
-64.918702,42.735428,486,3,33
-65.010977,42.688258,486,4,33
-65.184294,43.031932,486,5,33
-65.098823,43.079576,487,1,33
-65.019546,43.123741,487,2,33
-64.838576,42.776388,487,3,33
-64.918702,42.735428,487,4,33
-65.098823,43.079576,487,5,33
-65.019546,43.123741,488,1,33
-64.965837,43.15362,488,2,33
-64.782755,42.804922,488,3,33
-64.838576,42.776388,488,4,33
-65.019546,43.123741,488,5,33
-64.965837,43.15362,489,1,33
-64.884775,43.19872,489,2,33
-64.699651,42.847404,489,3,33
-64.782755,42.804922,489,4,33
-64.965837,43.15362,489,5,33
-64.884775,43.19872,490,1,33
-64.796897,43.24756,490,2,33
-64.612501,42.891955,490,3,33
-64.699651,42.847404,490,4,33
-64.884775,43.19872,490,5,33
-64.796897,43.24756,491,1,33
-64.703001,43.299692,491,2,33
-64.517724,42.940404,491,3,33
-64.612501,42.891955,491,4,33
-64.796897,43.24756,491,5,33
-64.703001,43.299692,492,1,33
-64.53489,43.392945,492,2,33
-64.342512,43.02997,492,3,33
-64.517724,42.940404,492,4,33
-64.703001,43.299692,492,5,33
-64.53489,43.392945,493,1,33
-64.385846,43.475505,493,2,33
-64.189395,43.108242,493,3,33
-64.342512,43.02997,493,4,33
-64.53489,43.392945,493,5,33
-64.385846,43.475505,494,1,33
-64.272499,43.538202,494,2,33
-64.074967,43.166737,494,3,33
-64.189395,43.108242,494,4,33
-64.385846,43.475505,494,5,33
-64.272499,43.538202,495,1,33
-64.135844,43.613729,495,2,33
-63.938984,43.236249,495,3,33
-64.074967,43.166737,495,4,33
-64.272499,43.538202,495,5,33
-64.135844,43.613729,496,1,33
-63.9743,43.702667,496,2,33
-63.800046,43.370357,496,3,33
-63.799962,43.307316,496,4,33
-63.938984,43.236249,496,5,33
-64.135844,43.613729,496,6,33
-61.099687,45.311583,337,1,311
-61.032803,45.266762,337,2,311
-60.610178,44.483092,337,3,311
-60.765806,44.433294,337,4,311
-61.192474,45.20996,337,5,311
-61.188134,45.245281,337,6,311
-61.229712,45.316299,337,7,311
-61.099687,45.311583,337,8,311
-61.099687,45.311583,338,1,311
-60.9542,45.300477,338,2,311
-60.563089,45.300424,338,3,311
-60.165784,44.666622,338,4,311
-60.349124,44.566624,338,5,311
-60.610178,44.483092,338,6,311
-61.032803,45.266762,338,7,311
-61.099687,45.311583,338,8,311
-61.077574,45.345852,339,1,311
-61.077574,45.411066,339,2,311
-60.632453,45.411066,339,3,311
-60.563089,45.300424,339,4,311
-60.9542,45.300477,339,5,311
-61.099687,45.311583,339,6,311
-61.077574,45.345852,339,7,311
-61.382477,45.411071,340,1,311
-61.077574,45.411066,340,2,311
-61.077574,45.345852,340,3,311
-61.099687,45.311583,340,4,311
-61.229712,45.316299,340,5,311
-61.561356,45.328329,340,6,311
-61.559576,45.496181,340,7,311
-61.342295,45.496576,340,8,311
-61.382477,45.411071,340,9,311
-62.076103,45.129672,331,1,312
-62.00247,45.017854,331,2,312
-61.595938,44.262505,331,3,312
-62.150564,44.954968,331,4,312
-62.235303,45.073462,331,5,312
-62.076103,45.129672,331,6,312
-61.975276,45.177172,332,1,312
-61.850689,45.036335,332,2,312
-61.412502,44.222428,332,3,312
-61.5325,44.183301,332,4,312
-61.595938,44.262505,332,5,312
-62.00247,45.017854,332,6,312
-62.076103,45.129672,332,7,312
-61.975276,45.177172,332,8,312
-61.858528,45.239688,333,1,312
-61.659805,45.090357,333,2,312
-61.225045,44.283552,333,3,312
-61.412502,44.222428,333,4,312
-61.850689,45.036335,333,5,312
-61.975276,45.177172,333,6,312
-61.858528,45.239688,333,7,312
-61.561356,45.328329,334,1,312
-61.466988,45.149515,334,2,312
-61.033517,44.346003,334,3,312
-61.225045,44.283552,334,4,312
-61.659805,45.090357,334,5,312
-61.858528,45.239688,334,6,312
-61.794846,45.282214,334,7,312
-61.561356,45.328329,334,8,312
-61.561356,45.328329,335,1,312
-61.400399,45.194135,335,2,312
-61.322089,45.188683,335,3,312
-60.892056,44.392128,335,4,312
-61.033517,44.346003,335,5,312
-61.466988,45.149515,335,6,312
-61.561356,45.328329,335,7,312
-61.561356,45.328329,336,1,312
-61.229712,45.316299,336,2,312
-61.188134,45.245281,336,3,312
-61.192474,45.20996,336,4,312
-60.765806,44.433294,336,5,312
-60.892056,44.392128,336,6,312
-61.322089,45.188683,336,7,312
-61.400399,45.194135,336,8,312
-61.561356,45.328329,336,9,312
-66.166667,44.847901,42,1,34
-66.166667,44.833333,42,2,34
-66.207767,44.833333,42,3,34
-66.207721,44.833412,42,4,34
-66.166667,44.847901,42,5,34
-66.166667,44.847901,43,1,34
-66,44.906724,43,2,34
-66,44.833333,43,3,34
-66.166667,44.833333,43,4,34
-66.166667,44.847901,43,5,34
-66,44.906724,44,1,34
-65.924382,44.933412,44,2,34
-65.914381,44.833333,44,3,34
-66,44.833333,44,4,34
-66,44.906724,44,5,34
-66.333333,44.670121,53,1,34
-66.207767,44.833333,53,2,34
-66.166667,44.833333,53,3,34
-66.166667,44.666667,53,4,34
-66.333333,44.666667,53,5,34
-66.333333,44.670121,53,6,34
-66.166667,44.833333,54,1,34
-66,44.833333,54,2,34
-66,44.666667,54,3,34
-66.166667,44.666667,54,4,34
-66.166667,44.833333,54,5,34
-66,44.833333,55,1,34
-65.914381,44.833333,55,2,34
-65.893821,44.627584,55,3,34
-66,44.560816,55,4,34
-66,44.833333,55,5,34
-66.469866,44.5,66,1,34
-66.457726,44.508415,66,2,34
-66.33599,44.666667,66,3,34
-66.333333,44.670121,66,4,34
-66.333333,44.5,66,5,34
-66.469866,44.5,66,6,34
-66.333333,44.666667,67,1,34
-66.166667,44.666667,67,2,34
-66.166667,44.5,67,3,34
-66.333333,44.5,67,4,34
-66.333333,44.666667,67,5,34
-66.166667,44.666667,68,1,34
-66,44.666667,68,2,34
-66,44.560816,68,3,34
-66.075682,44.5,68,4,34
-66.166667,44.5,68,5,34
-66.166667,44.666667,68,6,34
-66,44.560816,69,1,34
-65.893821,44.627584,69,2,34
-65.833333,44.601434,69,3,34
-65.833333,44.5,69,4,34
-66.075682,44.5,69,5,34
-66,44.560816,69,6,34
-66.666667,44.363581,77,1,34
-66.666667,44.333333,77,2,34
-66.710303,44.333333,77,3,34
-66.666667,44.363581,77,4,34
-66.666667,44.363581,78,1,34
-66.5,44.479111,78,2,34
-66.5,44.333333,78,3,34
-66.666667,44.333333,78,4,34
-66.666667,44.363581,78,5,34
-66.5,44.479111,79,1,34
-66.469866,44.5,79,2,34
-66.333333,44.5,79,3,34
-66.333333,44.333333,79,4,34
-66.5,44.333333,79,5,34
-66.5,44.479111,79,6,34
-66.333333,44.5,80,1,34
-66.075682,44.5,80,2,34
-66.166667,44.426887,80,3,34
-66.261387,44.333333,80,4,34
-66.333333,44.262273,80,5,34
-66.333333,44.5,80,6,34
-66.166667,44.426887,81,1,34
-66.075682,44.5,81,2,34
-65.833333,44.5,81,3,34
-65.833333,44.333333,81,4,34
-66.261387,44.333333,81,5,34
-66.166667,44.426887,81,6,34
-66.833333,44.248051,88,1,34
-66.833333,44.166667,88,2,34
-66.950739,44.166667,88,3,34
-66.833333,44.248051,88,4,34
-66.833333,44.248051,89,1,34
-66.710303,44.333333,89,2,34
-66.666667,44.333333,89,3,34
-66.666667,44.166667,89,4,34
-66.833333,44.166667,89,5,34
-66.833333,44.248051,89,6,34
-66.666667,44.333333,90,1,34
-66.5,44.333333,90,2,34
-66.5,44.166667,90,3,34
-66.666667,44.166667,90,4,34
-66.666667,44.333333,90,5,34
-66.5,44.333333,91,1,34
-66.333333,44.333333,91,2,34
-66.333333,44.166667,91,3,34
-66.5,44.166667,91,4,34
-66.5,44.333333,91,5,34
-66.333333,44.262273,92,1,34
-66.261387,44.333333,92,2,34
-66.166667,44.333333,92,3,34
-66,44.333333,92,4,34
-66,44.166667,92,5,34
-66.333333,44.166667,92,6,34
-66.333333,44.262273,92,7,34
-67.191048,44.000089,98,1,34
-67,44.13252,98,2,34
-67,44,98,3,34
-67.166667,44,98,4,34
-67.191048,44.000089,98,5,34
-67,44.13252,99,1,34
-66.950739,44.166667,99,2,34
-66.833333,44.166667,99,3,34
-66.833333,44,99,4,34
-67,44,99,5,34
-67,44.13252,99,6,34
-66.833333,44.166667,100,1,34
-66.666667,44.166667,100,2,34
-66.666667,44,100,3,34
-66.833333,44,100,4,34
-66.833333,44.166667,100,5,34
-66.666667,44.166667,101,1,34
-66.5,44.166667,101,2,34
-66.5,44,101,3,34
-66.666667,44,101,4,34
-66.666667,44.166667,101,5,34
-66.5,44.166667,102,1,34
-66.333333,44.166667,102,2,34
-66.333333,44,102,3,34
-66.5,44,102,4,34
-66.5,44.166667,102,5,34
-66.333333,44.166667,103,1,34
-66,44.166667,103,2,34
-66,44,103,3,34
-66.333333,44,103,4,34
-66.333333,44.166667,103,5,34
-67.333333,43.901459,107,1,34
-67.333333,43.833333,107,2,34
-67.40835,43.833333,107,3,34
-67.399424,43.855646,107,4,34
-67.333333,43.901459,107,5,34
-67.333333,43.901459,108,1,34
-67.191048,44.000089,108,2,34
-67.166667,44,108,3,34
-67.166667,43.833333,108,4,34
-67.333333,43.833333,108,5,34
-67.333333,43.901459,108,6,34
-67.166667,44,109,1,34
-67,44,109,2,34
-67,43.833333,109,3,34
-67.166667,43.833333,109,4,34
-67.166667,44,109,5,34
-67,44,110,1,34
-66.833333,44,110,2,34
-66.833333,43.833333,110,3,34
-67,43.833333,110,4,34
-67,44,110,5,34
-66.833333,44,111,1,34
-66.666667,44,111,2,34
-66.666667,43.833333,111,3,34
-66.833333,43.833333,111,4,34
-66.833333,44,111,5,34
-66.666667,44,112,1,34
-66.5,44,112,2,34
-66.5,43.833333,112,3,34
-66.666667,43.833333,112,4,34
-66.666667,44,112,5,34
-66.5,44,113,1,34
-66.333333,44,113,2,34
-66.333333,43.833333,113,3,34
-66.5,43.833333,113,4,34
-66.5,44,113,5,34
-66.333333,44,114,1,34
-66,44,114,2,34
-66,43.833333,114,3,34
-66.333333,43.833333,114,4,34
-66.333333,44,114,5,34
-67.416091,43.81398,118,1,34
-67.40835,43.833333,118,2,34
-67.333333,43.833333,118,3,34
-67.333333,43.644208,118,4,34
-67.344281,43.666667,118,5,34
-67.416091,43.81398,118,6,34
-67.333333,43.833333,119,1,34
-67.166667,43.833333,119,2,34
-67.166667,43.666667,119,3,34
-67.333333,43.666667,119,4,34
-67.333333,43.833333,119,5,34
-67.166667,43.833333,120,1,34
-67,43.833333,120,2,34
-67,43.666667,120,3,34
-67.166667,43.666667,120,4,34
-67.166667,43.833333,120,5,34
-67,43.833333,121,1,34
-66.833333,43.833333,121,2,34
-66.833333,43.666667,121,3,34
-67,43.666667,121,4,34
-67,43.833333,121,5,34
-66.833333,43.833333,122,1,34
-66.666667,43.833333,122,2,34
-66.666667,43.666667,122,3,34
-66.833333,43.666667,122,4,34
-66.833333,43.833333,122,5,34
-66.666667,43.833333,123,1,34
-66.5,43.833333,123,2,34
-66.5,43.666667,123,3,34
-66.666667,43.666667,123,4,34
-66.666667,43.833333,123,5,34
-66.5,43.833333,124,1,34
-66.333333,43.833333,124,2,34
-66.333333,43.666667,124,3,34
-66.5,43.666667,124,4,34
-66.5,43.833333,124,5,34
-66.333333,43.833333,125,1,34
-66.166667,43.833333,125,2,34
-66.166667,43.666667,125,3,34
-66.333333,43.666667,125,4,34
-66.333333,43.833333,125,5,34
-66.166667,43.833333,126,1,34
-66,43.833333,126,2,34
-66,43.666667,126,3,34
-66.166667,43.666667,126,4,34
-66.166667,43.833333,126,5,34
-66,44,127,1,34
-65.833333,44,127,2,34
-65.833333,43.666667,127,3,34
-66,43.666667,127,4,34
-66,44,127,5,34
-67.263036,43.5,132,1,34
-67.333333,43.644208,132,2,34
-67.333333,43.666667,132,3,34
-67.166667,43.666667,132,4,34
-67.166667,43.5,132,5,34
-67.263036,43.5,132,6,34
-67.166667,43.666667,133,1,34
-67,43.666667,133,2,34
-67,43.5,133,3,34
-67.166667,43.5,133,4,34
-67.166667,43.666667,133,5,34
-67,43.666667,134,1,34
-66.833333,43.666667,134,2,34
-66.833333,43.5,134,3,34
-67,43.5,134,4,34
-67,43.666667,134,5,34
-66.833333,43.666667,135,1,34
-66.666667,43.666667,135,2,34
-66.666667,43.5,135,3,34
-66.833333,43.5,135,4,34
-66.833333,43.666667,135,5,34
-66.666667,43.666667,136,1,34
-66.5,43.666667,136,2,34
-66.5,43.5,136,3,34
-66.666667,43.5,136,4,34
-66.666667,43.666667,136,5,34
-66.5,43.666667,137,1,34
-66.333333,43.666667,137,2,34
-66.333333,43.5,137,3,34
-66.5,43.5,137,4,34
-66.5,43.666667,137,5,34
-66.333333,43.666667,138,1,34
-66.166667,43.666667,138,2,34
-66.166667,43.5,138,3,34
-66.333333,43.5,138,4,34
-66.333333,43.666667,138,5,34
-66.166667,43.666667,139,1,34
-66,43.666667,139,2,34
-66,43.5,139,3,34
-66.166667,43.5,139,4,34
-66.166667,43.666667,139,5,34
-66,43.666667,140,1,34
-65.833333,43.666667,140,2,34
-65.833333,43.5,140,3,34
-66,43.5,140,4,34
-66,43.666667,140,5,34
-65.833333,43.833333,141,1,34
-65.666667,43.833333,141,2,34
-65.666667,43.5,141,3,34
-65.833333,43.5,141,4,34
-65.833333,43.833333,141,5,34
-67.181792,43.333333,148,1,34
-67.263036,43.5,148,2,34
-67.166667,43.5,148,3,34
-67.166667,43.302306,148,4,34
-67.181792,43.333333,148,5,34
-67.166667,43.5,149,1,34
-67,43.5,149,2,34
-67,43.333333,149,3,34
-67.166667,43.333333,149,4,34
-67.166667,43.5,149,5,34
-67,43.5,150,1,34
-66.833333,43.5,150,2,34
-66.833333,43.333333,150,3,34
-67,43.333333,150,4,34
-67,43.5,150,5,34
-66.833333,43.5,151,1,34
-66.666667,43.5,151,2,34
-66.666667,43.333333,151,3,34
-66.833333,43.333333,151,4,34
-66.833333,43.5,151,5,34
-66.666667,43.5,152,1,34
-66.5,43.5,152,2,34
-66.5,43.333333,152,3,34
-66.666667,43.333333,152,4,34
-66.666667,43.5,152,5,34
-66.5,43.5,153,1,34
-66.333333,43.5,153,2,34
-66.333333,43.333333,153,3,34
-66.5,43.333333,153,4,34
-66.5,43.5,153,5,34
-66.333333,43.5,154,1,34
-66.166667,43.5,154,2,34
-66.166667,43.333333,154,3,34
-66.333333,43.333333,154,4,34
-66.333333,43.5,154,5,34
-66.166667,43.5,155,1,34
-66,43.5,155,2,34
-66,43.333333,155,3,34
-66.166667,43.333333,155,4,34
-66.166667,43.5,155,5,34
-66,43.5,156,1,34
-65.833333,43.5,156,2,34
-65.833333,43.333333,156,3,34
-66,43.333333,156,4,34
-66,43.5,156,5,34
-65.833333,43.5,157,1,34
-65.666667,43.5,157,2,34
-65.666667,43.333333,157,3,34
-65.833333,43.333333,157,4,34
-65.833333,43.5,157,5,34
-65.666667,43.666667,158,1,34
-65.513758,43.608172,158,2,34
-65.51602,43.496772,158,3,34
-65.5,43.463981,158,4,34
-65.5,43.333333,158,5,34
-65.666667,43.333333,158,6,34
-65.666667,43.666667,158,7,34
-65.5,43.463981,159,1,34
-65.436172,43.333333,159,2,34
-65.5,43.333333,159,3,34
-65.5,43.463981,159,4,34
-67.100548,43.166667,167,1,34
-67.166667,43.302306,167,2,34
-67.166667,43.333333,167,3,34
-67,43.333333,167,4,34
-67,43.166667,167,5,34
-67.100548,43.166667,167,6,34
-67,43.333333,168,1,34
-66.833333,43.333333,168,2,34
-66.833333,43.166667,168,3,34
-67,43.166667,168,4,34
-67,43.333333,168,5,34
-66.833333,43.333333,169,1,34
-66.666667,43.333333,169,2,34
-66.666667,43.166667,169,3,34
-66.833333,43.166667,169,4,34
-66.833333,43.333333,169,5,34
-66.666667,43.333333,170,1,34
-66.5,43.333333,170,2,34
-66.5,43.166667,170,3,34
-66.666667,43.166667,170,4,34
-66.666667,43.333333,170,5,34
-66.5,43.333333,171,1,34
-66.333333,43.333333,171,2,34
-66.333333,43.166667,171,3,34
-66.5,43.166667,171,4,34
-66.5,43.333333,171,5,34
-66.333333,43.333333,172,1,34
-66.166667,43.333333,172,2,34
-66.166667,43.166667,172,3,34
-66.333333,43.166667,172,4,34
-66.333333,43.333333,172,5,34
-66.166667,43.333333,173,1,34
-66,43.333333,173,2,34
-66,43.166667,173,3,34
-66.166667,43.166667,173,4,34
-66.166667,43.333333,173,5,34
-66,43.333333,174,1,34
-65.833333,43.333333,174,2,34
-65.833333,43.166667,174,3,34
-66,43.166667,174,4,34
-66,43.333333,174,5,34
-65.833333,43.333333,175,1,34
-65.666667,43.333333,175,2,34
-65.666667,43.166667,175,3,34
-65.833333,43.166667,175,4,34
-65.833333,43.333333,175,5,34
-65.666667,43.333333,176,1,34
-65.5,43.333333,176,2,34
-65.5,43.166667,176,3,34
-65.666667,43.166667,176,4,34
-65.666667,43.333333,176,5,34
-65.5,43.333333,177,1,34
-65.436172,43.333333,177,2,34
-65.354747,43.166667,177,3,34
-65.5,43.166667,177,4,34
-65.5,43.333333,177,5,34
-67,43.018469,185,1,34
-67.066069,43.095937,185,2,34
-67.100548,43.166667,185,3,34
-67,43.166667,185,4,34
-67,43.018469,185,5,34
-66.984248,43,186,1,34
-67,43.018469,186,2,34
-67,43.166667,186,3,34
-66.833333,43.166667,186,4,34
-66.833333,43,186,5,34
-66.984248,43,186,6,34
-66.833333,43.166667,187,1,34
-66.666667,43.166667,187,2,34
-66.666667,43,187,3,34
-66.833333,43,187,4,34
-66.833333,43.166667,187,5,34
-66.666667,43.166667,188,1,34
-66.5,43.166667,188,2,34
-66.5,43,188,3,34
-66.666667,43,188,4,34
-66.666667,43.166667,188,5,34
-66.5,43.166667,189,1,34
-66.333333,43.166667,189,2,34
-66.333333,43,189,3,34
-66.5,43,189,4,34
-66.5,43.166667,189,5,34
-66.333333,43.166667,190,1,34
-66.166667,43.166667,190,2,34
-66.166667,43,190,3,34
-66.333333,43,190,4,34
-66.333333,43.166667,190,5,34
-66.166667,43.166667,191,1,34
-66,43.166667,191,2,34
-66,43,191,3,34
-66.166667,43,191,4,34
-66.166667,43.166667,191,5,34
-66,43.166667,192,1,34
-65.833333,43.166667,192,2,34
-65.833333,43,192,3,34
-66,43,192,4,34
-66,43.166667,192,5,34
-65.833333,43.166667,193,1,34
-65.666667,43.166667,193,2,34
-65.666667,43,193,3,34
-65.833333,43,193,4,34
-65.833333,43.166667,193,5,34
-65.666667,43.166667,194,1,34
-65.5,43.166667,194,2,34
-65.5,43,194,3,34
-65.666667,43,194,4,34
-65.666667,43.166667,194,5,34
-65.5,43.166667,195,1,34
-65.354747,43.166667,195,2,34
-65.333333,43.122835,195,3,34
-65.333333,43,195,4,34
-65.5,43,195,5,34
-65.5,43.166667,195,6,34
-65.333333,43.122835,196,1,34
-65.273322,43,196,2,34
-65.333333,43,196,3,34
-65.333333,43.122835,196,4,34
-66.984248,43,204,1,34
-66.833333,43,204,2,34
-66.833333,42.823048,204,3,34
-66.984248,43,204,4,34
-66.833333,43,205,1,34
-66.666667,43,205,2,34
-66.666667,42.833333,205,3,34
-66.833333,42.833333,205,4,34
-66.833333,43,205,5,34
-66.666667,43,206,1,34
-66.5,43,206,2,34
-66.499379,42.916777,206,3,34
-66.499377,42.833333,206,4,34
-66.666667,42.833333,206,5,34
-66.666667,43,206,6,34
-66.5,43,207,1,34
-66.333333,43,207,2,34
-66.333333,42.916778,207,3,34
-66.499379,42.916777,207,4,34
-66.5,43,207,5,34
-66.333333,42.916778,208,1,34
-66.333333,43,208,2,34
-66.166667,43,208,3,34
-66.166667,42.916779,208,4,34
-66.333333,42.916778,208,5,34
-66.166667,42.916779,209,1,34
-66.166667,43,209,2,34
-66,43,209,3,34
-66,42.91678,209,4,34
-66.166667,42.916779,209,5,34
-66,42.91678,210,1,34
-66,43,210,2,34
-65.833333,43,210,3,34
-65.833333,42.916781,210,4,34
-66,42.91678,210,5,34
-65.833333,42.916781,211,1,34
-65.833333,43,211,2,34
-65.666667,43,211,3,34
-65.666667,42.916782,211,4,34
-65.833333,42.916781,211,5,34
-65.666667,42.916782,212,1,34
-65.666667,43,212,2,34
-65.5,43,212,3,34
-65.5,42.916782,212,4,34
-65.666667,42.916782,212,5,34
-65.5,42.916782,213,1,34
-65.5,43,213,2,34
-65.333333,43,213,3,34
-65.333333,42.916783,213,4,34
-65.5,42.916782,213,5,34
-65.273322,43,214,1,34
-65.232666,42.916784,214,2,34
-65.333333,42.916783,214,3,34
-65.333333,43,214,4,34
-65.273322,43,214,5,34
-66.666667,42.733776,223,1,34
-66.832722,42.822332,223,2,34
-66.833333,42.823048,223,3,34
-66.833333,42.833333,223,4,34
-66.666667,42.833333,223,5,34
-66.666667,42.733776,223,6,34
-66.499377,42.833333,224,1,34
-66.499374,42.644559,224,2,34
-66.666667,42.733776,224,3,34
-66.666667,42.833333,224,4,34
-66.499377,42.833333,224,5,34
-64.833333,46,1,1,35
-64.166667,46,1,2,35
-64.166667,45.666667,1,3,35
-64.833333,45.666667,1,4,35
-64.833333,46,1,5,35
-65,45.666667,2,1,35
-64.833333,45.666667,2,2,35
-64.833333,45.5,2,3,35
-65,45.5,2,4,35
-65,45.666667,2,5,35
-64.833333,45.666667,3,1,35
-64.5,45.666667,3,2,35
-64.5,45.5,3,3,35
-64.833333,45.5,3,4,35
-64.833333,45.666667,3,5,35
-65.113052,45.333333,6,1,35
-65.049365,45.43341,6,2,35
-65.083812,45.526464,6,3,35
-65.166667,45.666667,6,4,35
-65,45.666667,6,5,35
-65,45.333333,6,6,35
-65.113052,45.333333,6,7,35
-65,45.5,7,1,35
-64.833333,45.5,7,2,35
-64.833333,45.426544,7,3,35
-64.936253,45.333333,7,4,35
-65,45.333333,7,5,35
-65,45.5,7,6,35
-65.365787,45.166667,11,1,35
-65.333333,45.180219,11,2,35
-65.333333,45.166667,11,3,35
-65.365787,45.166667,11,4,35
-65.333333,45.180219,12,1,35
-65.166667,45.249814,12,2,35
-65.166667,45.166667,12,3,35
-65.333333,45.166667,12,4,35
-65.333333,45.180219,12,5,35
-65.166667,45.249814,13,1,35
-65.166033,45.250079,13,2,35
-65.113052,45.333333,13,3,35
-65,45.333333,13,4,35
-65,45.166667,13,5,35
-65.166667,45.166667,13,6,35
-65.166667,45.249814,13,7,35
-65,45.333333,14,1,35
-64.936253,45.333333,14,2,35
-64.833333,45.426544,14,3,35
-64.833333,45.166667,14,4,35
-65,45.166667,14,5,35
-65,45.333333,14,6,35
-64.833333,45.426544,15,1,35
-64.666667,45.426544,15,2,35
-64.666667,45.166667,15,3,35
-64.833333,45.166667,15,4,35
-64.833333,45.426544,15,5,35
-64.666667,45.426544,16,1,35
-64.5,45.426544,16,2,35
-64.5,45.166667,16,3,35
-64.666667,45.166667,16,4,35
-64.666667,45.426544,16,5,35
-64.5,45.426544,17,1,35
-64.333333,45.426544,17,2,35
-64.333333,45,17,3,35
-64.5,45,17,4,35
-64.5,45.426544,17,5,35
-64.333333,45.426544,18,1,35
-64.166667,45.426544,18,2,35
-64.166667,45,18,3,35
-64.333333,45,18,4,35
-64.333333,45.426544,18,5,35
-64.166667,45.426544,19,1,35
-64,45.426544,19,2,35
-64,45,19,3,35
-64.166667,45,19,4,35
-64.166667,45.426544,19,5,35
-64,45.426544,20,1,35
-63.333333,45.426544,20,2,35
-63.333333,45.166667,20,3,35
-64,45.166667,20,4,35
-64,45.426544,20,5,35
-65.764918,45,32,1,35
-65.666667,45.041027,32,2,35
-65.666667,45,32,3,35
-65.764918,45,32,4,35
-65.666667,45.041027,33,1,35
-65.5,45.110623,33,2,35
-65.5,45,33,3,35
-65.666667,45,33,4,35
-65.666667,45.041027,33,5,35
-65.5,45.110623,34,1,35
-65.365787,45.166667,34,2,35
-65.333333,45.166667,34,3,35
-65.333333,45,34,4,35
-65.5,45,34,5,35
-65.5,45.110623,34,6,35
-65.333333,45.166667,35,1,35
-65.166667,45.166667,35,2,35
-65.166667,45,35,3,35
-65.333333,45,35,4,35
-65.333333,45.166667,35,5,35
-65.166667,45.166667,36,1,35
-64.666667,45.166667,36,2,35
-64.666667,45,36,3,35
-65.166667,45,36,4,35
-65.166667,45.166667,36,5,35
-65.924382,44.933412,44,1,35
-65.833333,44.971432,44,2,35
-65.833333,44.833333,44,3,35
-65.914381,44.833333,44,4,35
-65.924382,44.933412,44,5,35
-65.833333,44.971432,45,1,35
-65.764918,45,45,2,35
-65.666667,45,45,3,35
-65.666667,44.833333,45,4,35
-65.833333,44.833333,45,5,35
-65.833333,44.971432,45,6,35
-65.666667,45,46,1,35
-65.5,45,46,2,35
-65.5,44.833333,46,3,35
-65.666667,44.833333,46,4,35
-65.666667,45,46,5,35
-65.5,45,47,1,35
-65.166667,45,47,2,35
-65.166667,44.833333,47,3,35
-65.5,44.833333,47,4,35
-65.5,45,47,5,35
-65.914381,44.833333,55,1,35
-65.833333,44.833333,55,2,35
-65.833333,44.601434,55,3,35
-65.893821,44.627584,55,4,35
-65.914381,44.833333,55,5,35
-65.833333,44.833333,56,1,35
-65.5,44.833333,56,2,35
-65.5,44.813695,56,3,35
-65.833333,44.645187,56,4,35
-65.833333,44.833333,56,5,35
-65.833333,44.645187,57,1,35
-65.5,44.813695,57,2,35
-65.5,44.697626,57,3,35
-65.833333,44.5,57,4,35
-65.833333,44.645187,57,5,35
-65.5,45.5,4,1,36
-65.333333,45.5,4,2,36
-65.333333,45.333333,4,3,36
-65.5,45.333333,4,4,36
-65.5,45.5,4,5,36
-65.333333,45.666667,5,1,36
-65.166667,45.666667,5,2,36
-65.166667,45.333333,5,3,36
-65.333333,45.333333,5,4,36
-65.333333,45.666667,5,5,36
-65.166667,45.666667,6,1,36
-65.083812,45.526464,6,2,36
-65.049365,45.43341,6,3,36
-65.113052,45.333333,6,4,36
-65.166667,45.333333,6,5,36
-65.166667,45.666667,6,6,36
-66.166667,45.333333,8,1,36
-66,45.333333,8,2,36
-66,45.166667,8,3,36
-66.166667,45.166667,8,4,36
-66.166667,45.333333,8,5,36
-65.833333,45.333333,9,1,36
-65.666667,45.333333,9,2,36
-65.666667,45.166667,9,3,36
-65.833333,45.166667,9,4,36
-65.833333,45.333333,9,5,36
-65.666667,45.333333,10,1,36
-65.5,45.5,10,2,36
-65.5,45.166667,10,3,36
-65.666667,45.166667,10,4,36
-65.666667,45.333333,10,5,36
-65.5,45.333333,11,1,36
-65.333333,45.333333,11,2,36
-65.333333,45.180219,11,3,36
-65.365787,45.166667,11,4,36
-65.5,45.166667,11,5,36
-65.5,45.333333,11,6,36
-65.333333,45.333333,12,1,36
-65.166667,45.333333,12,2,36
-65.166667,45.249814,12,3,36
-65.333333,45.180219,12,4,36
-65.333333,45.333333,12,5,36
-65.166667,45.333333,13,1,36
-65.113052,45.333333,13,2,36
-65.166033,45.250079,13,3,36
-65.166667,45.249814,13,4,36
-65.166667,45.333333,13,5,36
-67.333333,45.333333,25,1,36
-66.833333,45.333333,25,2,36
-66.833333,45,25,3,36
-67.333333,45,25,4,36
-67.333333,45.333333,25,5,36
-66.833333,45.166667,26,1,36
-66.666667,45.166667,26,2,36
-66.666667,45,26,3,36
-66.833333,45,26,4,36
-66.833333,45.166667,26,5,36
-66.666667,45.166667,27,1,36
-66.5,45.166667,27,2,36
-66.5,45,27,3,36
-66.666667,45,27,4,36
-66.666667,45.166667,27,5,36
-66.5,45.333333,28,1,36
-66.333333,45.333333,28,2,36
-66.333333,45,28,3,36
-66.5,45,28,4,36
-66.5,45.333333,28,5,36
-66.333333,45.333333,29,1,36
-66.166667,45.333333,29,2,36
-66.166667,45,29,3,36
-66.333333,45,29,4,36
-66.333333,45.333333,29,5,36
-66.166667,45.166667,30,1,36
-66,45.166667,30,2,36
-66,45,30,3,36
-66.166667,45,30,4,36
-66.166667,45.166667,30,5,36
-66,45.333333,31,1,36
-65.833333,45.333333,31,2,36
-65.833333,45,31,3,36
-66,45,31,4,36
-66,45.333333,31,5,36
-65.833333,45.166667,32,1,36
-65.666667,45.166667,32,2,36
-65.666667,45.041027,32,3,36
-65.764918,45,32,4,36
-65.833333,45,32,5,36
-65.833333,45.166667,32,6,36
-65.666667,45.166667,33,1,36
-65.5,45.166667,33,2,36
-65.5,45.110623,33,3,36
-65.666667,45.041027,33,4,36
-65.666667,45.166667,33,5,36
-65.5,45.166667,34,1,36
-65.365787,45.166667,34,2,36
-65.5,45.110623,34,3,36
-65.5,45.166667,34,4,36
-67.333333,45,37,1,36
-67,45,37,2,36
-67,44.833333,37,3,36
-67.333333,44.833333,37,4,36
-67.333333,45,37,5,36
-67,45,38,1,36
-66.833333,45,38,2,36
-66.833333,44.845773,38,3,36
-66.845246,44.833411,38,4,36
-67,44.833333,38,5,36
-67,45,38,6,36
-66.833333,44.845773,39,1,36
-66.833333,45,39,2,36
-66.666667,45,39,3,36
-66.666667,44.93341,39,4,36
-66.749407,44.93341,39,5,36
-66.833333,44.845773,39,6,36
-66.5,44.93341,40,1,36
-66.666667,44.93341,40,2,36
-66.666667,45,40,3,36
-66.5,45,40,4,36
-66.5,44.93341,40,5,36
-66.5,45,41,1,36
-66.333333,45,41,2,36
-66.333333,44.93341,41,3,36
-66.5,44.93341,41,4,36
-66.5,45,41,5,36
-66.333333,45,42,1,36
-66.166667,45,42,2,36
-66.166667,44.847901,42,3,36
-66.207721,44.833412,42,4,36
-66.207721,44.833412,42,5,36
-66.266058,44.93341,42,6,36
-66.333333,44.93341,42,7,36
-66.333333,45,42,8,36
-66.166667,45,43,1,36
-66,45,43,2,36
-66,44.906724,43,3,36
-66.166667,44.847901,43,4,36
-66.166667,45,43,5,36
-66,45,44,1,36
-65.833333,45,44,2,36
-65.833333,44.971432,44,3,36
-65.924382,44.933412,44,4,36
-66,44.906724,44,5,36
-66,45,44,6,36
-65.833333,45,45,1,36
-65.764918,45,45,2,36
-65.833333,44.971432,45,3,36
-65.833333,45,45,4,36
-66.959047,44.743684,49,1,36
-67,44.803668,49,2,36
-67,44.833333,49,3,36
-66.845246,44.833411,49,4,36
-66.902544,44.776566,49,5,36
-66.959047,44.743684,49,6,36
-66.833333,44.845773,38,1,37
-66.833333,44.833411,38,2,37
-66.845246,44.833411,38,3,37
-66.833333,44.845773,38,4,37
-66.666667,44.833411,39,1,37
-66.833333,44.833411,39,2,37
-66.833333,44.845773,39,3,37
-66.749407,44.93341,39,4,37
-66.666667,44.93341,39,5,37
-66.666667,44.833411,39,6,37
-66.666667,44.833411,40,1,37
-66.666667,44.93341,40,2,37
-66.5,44.93341,40,3,37
-66.5,44.833412,40,4,37
-66.501036,44.833412,40,5,37
-66.666667,44.833411,40,6,37
-66.5,44.833412,41,1,37
-66.5,44.93341,41,2,37
-66.333333,44.93341,41,3,37
-66.333333,44.833412,41,4,37
-66.33375,44.833412,41,5,37
-66.5,44.833412,41,6,37
-66.333333,44.833412,42,1,37
-66.333333,44.93341,42,2,37
-66.266058,44.93341,42,3,37
-66.207721,44.833412,42,4,37
-66.333333,44.833412,42,5,37
-67.166667,44.5,75,1,38
-67,44.5,75,2,38
-67,44.333333,75,3,38
-67.166667,44.333333,75,4,38
-67.166667,44.5,75,5,38
-67.166667,44.333333,87,1,38
-67,44.333333,87,2,38
-67,44.166667,87,3,38
-67.166667,44.166667,87,4,38
-67.166667,44.333333,87,5,38
-67,44.666667,63,1,38
-66.833333,44.666667,63,2,38
-66.833333,44.5,63,3,38
-67,44.5,63,4,38
-67,44.666667,63,5,38
-67,44.5,76,1,38
-66.833333,44.5,76,2,38
-66.833333,44.333333,76,3,38
-67,44.333333,76,4,38
-67,44.5,76,5,38
-66.833333,44.833411,50,1,38
-66.666667,44.833411,50,2,38
-66.666667,44.666667,50,3,38
-66.833333,44.666667,50,4,38
-66.833333,44.833411,50,5,38
-66.833333,44.666667,64,1,38
-66.666667,44.666667,64,2,38
-66.666667,44.5,64,3,38
-66.833333,44.5,64,4,38
-66.833333,44.666667,64,5,38
-66.666667,44.833411,51,1,38
-66.5,44.833412,51,2,38
-66.5,44.666667,51,3,38
-66.666667,44.666667,51,4,38
-66.666667,44.833411,51,5,38
-66.666667,44.666667,65,1,38
-66.5,44.666667,65,2,38
-66.5,44.5,65,3,38
-66.666667,44.5,65,4,38
-66.666667,44.666667,65,5,38
-66.5,44.833412,52,1,38
-66.333333,44.833412,52,2,38
-66.333333,44.666667,52,3,38
-66.5,44.666667,52,4,38
-66.5,44.833412,52,5,38
-67.166667,44.597746,62,1,38
-67.162147,44.601231,62,2,38
-67.154296,44.607017,62,3,38
-67.14627,44.612682,62,4,38
-67.138061,44.618221,62,5,38
-67.129676,44.623639,62,6,38
-67.121116,44.628922,62,7,38
-67.112387,44.634072,62,8,38
-67.103499,44.639089,62,9,38
-67.09445,44.643971,62,10,38
-67.085241,44.648709,62,11,38
-67.075888,44.65331,62,12,38
-67.066389,44.657762,62,13,38
-67.058759,44.661183,62,14,38
-67.049483,44.666667,62,15,38
-67,44.666667,62,16,38
-67,44.5,62,17,38
-67.166667,44.5,62,18,38
-67.166667,44.597746,62,19,38
-67.256627,44.5,61,1,38
-67.25551,44.501832,61,2,38
-67.25081,44.509084,61,3,38
-67.245881,44.516259,61,4,38
-67.240723,44.523354,61,5,38
-67.235337,44.530373,61,6,38
-67.229737,44.5373,61,7,38
-67.223915,44.544144,61,8,38
-67.21788,44.550896,61,9,38
-67.211632,44.557552,61,10,38
-67.20517,44.56411,61,11,38
-67.198494,44.570568,61,12,38
-67.19162,44.576919,61,13,38
-67.184548,44.583164,61,14,38
-67.177277,44.589302000000004,61,15,38
-67.169807,44.595325,61,16,38
-67.166667,44.597746,61,17,38
-67.166667,44.5,61,18,38
-67.256627,44.5,61,19,38
-67.256627,44.5,74,1,38
-67.166667,44.5,74,2,38
-67.166667,44.333333,74,3,38
-67.298061,44.333333,74,4,38
-67.298515,44.338664,74,5,38
-67.298942,44.346648,74,6,38
-67.299117,44.354632,74,7,38
-67.29905,44.362617,74,8,38
-67.298729,44.370596,74,9,38
-67.298157,44.378565,74,10,38
-67.297333,44.386522,74,11,38
-67.296265,44.394464,74,12,38
-67.294945,44.402388,74,13,38
-67.293381,44.410284,74,14,38
-67.291558,44.418154,74,15,38
-67.289498,44.425989,74,16,38
-67.287186,44.433794,74,17,38
-67.28463,44.441556,74,18,38
-67.28183,44.449277,74,19,38
-67.278786,44.456956,74,20,38
-67.275499,44.464578,74,21,38
-67.271974,44.47215,74,22,38
-67.268213,44.479665,74,23,38
-67.264215,44.487119,74,24,38
-67.259973,44.494512,74,25,38
-67.256627,44.5,74,26,38
-67.284364,44.166667,86,1,38
-67.269985,44.207269,86,2,38
-67.268902,44.210248,86,3,38
-67.273717,44.227471,86,4,38
-67.281157,44.261231,86,5,38
-67.283499,44.267555,86,6,38
-67.286146,44.275349,86,7,38
-67.288557,44.283176,86,8,38
-67.290716,44.291035,86,9,38
-67.292631,44.298924,86,10,38
-67.294311,44.306834,86,11,38
-67.29573,44.314769,86,12,38
-67.296905,44.322722,86,13,38
-67.297836,44.330688,86,14,38
-67.298061,44.333333,86,15,38
-67.166667,44.333333,86,16,38
-67.166667,44.166667,86,17,38
-67.284364,44.166667,86,18,38
-67,44.700918,49,1,38
-67,44.666667,49,2,38
-66.833333,44.666667,49,3,38
-66.833333,44.833411,49,4,38
-66.845246,44.833411,49,5,38
-66.902544,44.776566,49,6,38
-66.959047,44.743684,49,7,38
-67,44.700918,49,8,38
-67,44.700918,48,1,38
-67,44.666667,48,2,38
-67.049483,44.666667,48,3,38
-67.011029,44.689401,48,4,38
-67,44.700918,48,5,38
-66.333333,44.833412,53,1,38
-66.207721,44.833412,53,2,38
-66.333333,44.670121,53,3,38
-66.333333,44.833412,53,4,38
-66.5,44.666667,66,1,38
-66.33599,44.666667,66,2,38
-66.457726,44.508415,66,3,38
-66.469866,44.5,66,4,38
-66.5,44.479111,66,5,38
-66.5,44.666667,66,6,38
-66.5,44.5,78,1,38
-66.5,44.479111,78,2,38
-66.666667,44.363581,78,3,38
-66.666667,44.5,78,4,38
-66.5,44.5,78,5,38
-66.833333,44.5,77,1,38
-66.666667,44.5,77,2,38
-66.666667,44.363581,77,3,38
-66.710303,44.333333,77,4,38
-66.833333,44.333333,77,5,38
-66.833333,44.5,77,6,38
-66.833333,44.333333,89,1,38
-66.710303,44.333333,89,2,38
-66.833333,44.248051,89,3,38
-66.833333,44.333333,89,4,38
-67,44.333333,88,1,38
-66.833333,44.333333,88,2,38
-66.833333,44.248051,88,3,38
-66.950739,44.166667,88,4,38
-67,44.166667,88,5,38
-67,44.333333,88,6,38
-67,44.166667,99,1,38
-66.950739,44.166667,99,2,38
-67,44.13252,99,3,38
-67,44.166667,99,4,38
-67.166667,44.016989,98,1,38
-67.166667,44.166667,98,2,38
-67,44.166667,98,3,38
-67,44.13252,98,4,38
-67.000001,44.132519,98,5,38
-67.166667,44.016989,98,6,38
-67.333333,44.028396,97,1,38
-67.284364,44.166667,97,2,38
-67.166667,44.166667,97,3,38
-67.166667,44.016989,97,4,38
-67.191048,44.000089,97,5,38
-67.333333,44,97,6,38
-67.333333,44.028396,97,7,38
-67.333333,44,108,1,38
-67.333333,43.901459,108,2,38
-67.191048,44.000089,108,3,38
-67.333333,44,108,4,38
-67.333333,44.028396,107,1,38
-67.333333,43.901459,107,2,38
-67.399424,43.855646,107,3,38
-67.333333,44.028396,107,4,38
-65.21666667,42.58333333,201,1,40
-65.21666667,42.35,201,2,40
-66.225,42.35,201,3,40
-66.35,42.38694444,201,4,40
-66.5,42.40416667,201,5,40
-66.5,42.64444444,201,6,40
-66.5,42.91666667,201,7,40
-65.21666667,42.91666667,201,8,40
-65.23333333,42.91666667,201,9,40
